Key,Id,Korean (South Korea)(ko-KR),English(en)
furniture.seat,,좌석,Seat
furniture.seat2p,,2인용 좌석,2-Seat Bench
furniture.chair2p,,2인용 의자,2-Seat Chair
furniture.counter,,카운터,Counter
furniture.passWindow,,패스창구,Pass Window
furniture.grill,,그릴,Grill
furniture.fryer,,튀김기,Fryer
furniture.workTable,,조리대,Work Table
furniture.iceCreamMachine,,아이스크림 기계,Ice Cream Machine
furniture.microwave,,전자레인지,Microwave
furniture.breadRack,,빵 보관함,Bread Rack
furniture.fishCuttingTable,,생선 손질대,Fish Cutting Table
unlock.cookingtool,,구매하면 이 도구로 만드는 메뉴가 해금 목록에 등장합니다.,Purchase to unlock menus made with this tool.
unlock.food,,새로운 손님이 등장할지도 모릅니다.,A new customer might appear.
furniture.phone,,전화기,Phone
furniture.phone.desc,,해금하고 설치시 배달직원 고용이 가능합니다,Unlock and install to enable hiring delivery staff
furniture.dtOrderWindow,,DT 주문창구,DT Order Window
furniture.dtPickupWindow,,DT 픽업창구,DT Pickup Window
furniture.toilet1,,변기 1,Toilet 1
furniture.toilet1.desc,,손님이 사용 시 만족도를 얻습니다,Customers gain satisfaction when used
furniture.toilet2,,변기 2,Toilet 2
furniture.toilet2.desc,,손님이 사용 시 만족도를 얻습니다,Customers gain satisfaction when used
furniture.toilet3,,변기 3,Toilet 3
furniture.toilet3.desc,,손님이 사용 시 만족도를 얻습니다,Customers gain satisfaction when used
furniture.sink,,세면대,Sink
furniture.sink.desc,,손님이 사용 시 추가 만족도를 얻습니다,Customers gain extra satisfaction when used
menu.burger,,햄버거,Burger
menu.sushi,,초밥,Sushi
menu.bread,,빵,Bread
menu.bacon,,베이컨,Bacon
menu.burrito,,부리토,Burrito
menu.cheesecake,,치즈케이크,Cheesecake
menu.cookies,,쿠키,Cookies
menu.chocolateCake,,초콜릿케이크,Chocolate Cake
menu.curry,,카레,Curry
menu.dumplings,,만두,Dumplings
menu.friedEgg,,계란프라이,Fried Egg
menu.eggTart,,에그타르트,Egg Tart
menu.frenchFries,,감자튀김,French Fries
menu.fruitCake,,과일케이크,Fruit Cake
menu.garlicBread,,마늘빵,Garlic Bread
menu.hotDog,,핫도그,Hot Dog
menu.iceCream,,아이스크림,Ice Cream
menu.meatball,,미트볼,Meatball
menu.omelet,,오믈렛,Omelet
menu.pudding,,푸딩,Pudding
menu.pizza,,피자,Pizza
menu.roastedChicken,,로스트치킨,Roasted Chicken
menu.sandwich,,샌드위치,Sandwich
menu.taco,,타코,Taco
menu.waffle,,와플,Waffle
ui.common.confirm,,확인,Confirm
ui.common.cancel,,취소,Cancel
ui.common.close,,닫기,Close
ui.common.save,,저장,Save
ui.common.yes,,예,Yes
ui.common.no,,아니오,No
ui.common.ok,,확인,OK
ui.common.back,,뒤로,Back
ui.common.next,,다음,Next
ui.common.buy,,구매,Buy
ui.common.sell,,판매,Sell
ui.common.unlock,,해금,Unlock
ui.common.locked,,잠김,Locked
ui.common.price,,가격,Price
ui.common.cost,,비용,Cost
ui.dropdown.install,,설치,Install
ui.dropdown.move,,이동,Move
ui.dropdown.remove,,삭제,Remove
ui.dropdown.customer,,손님,Customer
ui.dropdown.marketing,,마케팅,Marketing
ui.dropdown.info,,정보,Info
ui.dropdown.settings,,설정,Settings
ui.dropdown.menu,,메뉴,Menu
ui.shop.tab.hall,,홀,Hall
ui.shop.tab.kitchen,,주방,Kitchen
ui.shop.tab.riderRoom,,라이더룸,Rider Room
ui.shop.tab.dt,,드라이브 쓰루,Drive Thru
ui.shop.tab.menu,,메뉴,Menu
ui.shop.empty,,해금된 항목이 없습니다,No unlocked items
ui.hud.money,,돈,Money
ui.hud.satisfaction,,만족도,Satisfaction
ui.hud.reputation,,평판,Reputation
ui.hud.year,,년,Year
ui.hud.month,,월,Month
ui.hud.day,,일,Day
ui.hud.time,,시간,Time
ui.placement.confirm,,배치,Place
ui.placement.cancel,,취소,Cancel
ui.placement.rotate,,회전,Rotate
ui.placement.cannotPlace,,여기에 배치할 수 없습니다,Cannot place here
ui.staff.cook,,요리사,Cook
ui.staff.server,,서버,Server
ui.staff.rider,,라이더,Rider
ui.staff.hire,,고용,Hire
ui.staff.fire,,해고,Fire
ui.staff.grade,,등급,Grade
ui.staff.salary,,월급,Salary
ui.staff.tenure,,근속,Tenure
ui.staff.upgrade,,승급,Promote
ui.marketing.title,,마케팅,Marketing
ui.marketing.apply,,적용,Apply
ui.marketing.satisfactionCost,,만족도 비용,Satisfaction Cost
ui.marketing.duration,,기간,Duration
ui.expansion.title,,확장,Expansion
ui.expansion.expand,,확장하기,Expand
ui.expansion.cost,,확장 비용,Expansion Cost
ui.expansion.maxed,,더 이상 확장할 수 없습니다,Fully expanded
ui.ranking.title,,연말 결산,Year End Result
ui.ranking.revenue,,매출,Revenue
ui.ranking.score,,점수,Score
ui.ranking.rank,,순위,Rank
ui.ranking.notQualified,,순위권 외,Out of ranking
ui.settings.title,,설정,Settings
ui.settings.language,,언어,Language
ui.settings.sound,,사운드,Sound
ui.settings.bgm,,배경음악,BGM
ui.settings.sfx,,효과음,SFX
ui.settings.reset,,초기화,Reset
ui.info.title,,정보,Info
ui.info.version,,버전,Version
ui.info.credits,,크레딧,Credits
msg.gameStart,,영업 시작,Day Started
msg.gameEnd,,영업 종료,Day Ended
msg.notEnoughMoney,,돈이 부족합니다,Not enough money
msg.notEnoughSatisfaction,,만족도가 부족합니다,Not enough satisfaction
msg.unlocked,,해금되었습니다,Unlocked!
msg.purchased,,구매했습니다,Purchased
msg.saved,,저장되었습니다,Saved
msg.error,,오류가 발생했습니다,An error occurred
marketing.test,,테스트 마케팅,Test Marketing
marketing.test.desc,,테스트용 마케팅 캠페인입니다,Marketing campaign for testing
marketing.flyer,,전단지,Flyer
marketing.flyer.desc,,일정 기간 손님 유입을 늘립니다,Increases customer flow for a period
marketing.snsAd,,SNS 광고,SNS Ad
marketing.snsAd.desc,,SNS 광고로 큰 유입 증가,Large flow boost via SNS ad
marketing.tvAd,,TV 광고,TV Ad
marketing.tvAd.desc,,TV 광고로 광범위한 유입 증가,Wide flow boost via TV ad
expansion.hall1,,홀 확장 1,Hall Expansion 1
expansion.hall2,,홀 확장 2,Hall Expansion 2
expansion.kitchen1,,주방 확장 1,Kitchen Expansion 1
expansion.riderRoom,,라이더룸 확장,Rider Room Expansion
expansion.stage1,,드라이브 쓰루 개점,Drive Thru Opening
expansion.stage1.desc,,드라이브 쓰루 창구를 설치할 수 있게 됩니다,Unlocks Drive Thru order and pickup windows
expansion.stage2,,2층 개방,Second Floor Opening
expansion.stage2.desc,,가게 2층을 사용할 수 있게 됩니다,Opens the second floor of the restaurant
expansion.stage3,,화장실 설치,Restroom Installation
expansion.stage3.desc,,2층에 손님용 화장실을 설치할 수 있게 됩니다,Unlocks restrooms for customers on the second floor
customer.regular,,일반 손님,Regular Customer
customer.test1,,테스트 손님 1,Test Customer 1
customer.dt.default,,드라이브 쓰루 손님,Drive Thru Customer
customer.blonde,,금발 여성,Blonde Woman
customer.boy,,남자아이,Boy
customer.littleGirl,,여자아이,Girl
customer.officeWorker,,회사원,Office Worker
customer.college,,대학생,College Student
customer.police,,경찰,Police Officer
customer.rapper,,래퍼,Rapper
customer.rich,,부자,Rich Man
staff.role.cook,,요리사,Cook
staff.role.server,,서버,Server
staff.role.rider,,라이더,Rider
staff.grade.junior,,주니어,Junior
staff.grade.senior,,시니어,Senior
staff.grade.manager,,매니저,Manager
recruitment.normal,,일반 모집권,Normal Recruitment
recruitment.normal.desc,,신입 위주의 후보가 도착합니다,Mostly junior applicants
recruitment.high,,고급 모집권,High Recruitment
recruitment.high.desc,,경력자 비중이 높은 후보가 도착합니다,Mostly senior applicants
recruitment.rare,,희귀 모집권,Rare Recruitment
recruitment.rare.desc,,매니저급이 등장할 수 있습니다,Manager-grade candidates possible
ui.staff.title,,직원,Staff
ui.staff.hireMenu,,직원모집하기,Hire Staff
ui.recruit.title,,모집,Recruit
ui.recruit.empty,,직원 모집을 해주세요!,Please recruit staff!
ui.recruit.pendingFormat,,{0}달 후에 직원 고용이 가능합니다!,Staff hiring available in {0} months
ui.recruit.candidateCount,,직원 선택 {0}/{1},Candidates {0}/{1}
ui.settlement.title,,정산,Settlement
ui.settlement.material,,재료비,Material Cost
ui.settlement.staffSalary,,직원월급,Staff Salary
ui.settlement.rent,,임대료,Rent
ui.settlement.total,,총합,Total
ui.ranking.titleFormat,,{0}년차 결산,Year {0} Results
ui.ranking.annualRevenue,,연매출,Annual Revenue
ui.ranking.customerReputation,,손님평판,Customer Reputation
ui.shop.tab.food,,음식,Food
ui.shop.tab.furniture,,가구,Furniture
ui.shop.tab.expansion,,맵 확장,Map Expansion
ui.shop.empty.unlock,,가능한 해금이 없습니다,No available unlocks
ui.placement.confirmAction,,확정,Confirm
ui.marketing.applyAction,,마케팅 적용,Apply Marketing
ui.zone.delivery,,배달존,Delivery Zone
ui.startscene.texttmp,,새 게임,New Game
ui.startscene.texttmp2,,이어하기,Continue
ui.startscene.texttmp3,,설정,Settings
ui.startscene.texttmp4,,경고,Warning
ui.startscene.texttmp5,,확인,Confirm
ui.startscene.texttmp1,,새 게임 시작시 기존에 저장된 게임은 삭제됩니다 그래도 하시겠습니까?,Starting a new game will delete your existing save. Continue anyway?
